move www-client/mozilla-firefox-bin www-client/firefox-bin
move kde-misc/bilbo kde-misc/blogilo
move app-i18n/ibus-table-jyutping app-i18n/ibus-table-cantonese
move app-i18n/ibus-table-additional app-i18n/ibus-table-code
move app-i18n/ibus-table-stroke5 app-i18n/ibus-table-xingma
move app-i18n/ibus-table-wubi app-i18n/ibus-table-xingma
move app-i18n/ibus-table-xinhua app-i18n/ibus-table-xingma
move app-i18n/ibus-table-zhengma app-i18n/ibus-table-xingma
move app-i18n/ibus-table-erbi app-i18n/ibus-table-yinma
move app-i18n/ibus-table-wu app-i18n/ibus-table-yinma
move app-i18n/ibus-table-yong app-i18n/ibus-table-yinma
move app-i18n/ibus-table-zhuyin app-i18n/ibus-table-yinma
move app-i18n/ibus-table-ziranma app-i18n/ibus-table-yinma
move net-im/pyotr net-im/python-otr
move dev-embedded/scratchbox-toolchain-cs2009q1 dev-embedded/scratchbox-toolchain-cs2009q1-203sb1
move app-i18n/ibus-table-easy app-i18n/ibus-table-cangjie
move app-i18n/ibus-table-quick app-i18n/ibus-table-cangjie
slotmove =dev-ruby/i18n-0.3* 0 0.3
move app-i18n/ibus-table-thai app-i18n/ibus-table-tv
move app-i18n/ibus-table-viqr app-i18n/ibus-table-tv
move media-libs/apple-opengl media-libs/opengl-apple
move dev-ruby/ruby-mmap dev-ruby/mmap
move app-doc/gimp-user-manual app-doc/gimp-help
move app-dicts/stardict app-text/stardict
move app-i18n/ibus-table-cantonhk app-i18n/ibus-table-cantonese
move app-i18n/ibus-table-cns11643 app-i18n/ibus-table-code
move app-i18n/ibus-table-rustrad app-i18n/ibus-table-cyrillic
move app-i18n/ibus-table-translit app-i18n/ibus-table-cyrillic
slotmove =app-doc/pms-2 0 2
slotmove =app-doc/pms-3 0 3
slotmove =app-doc/pms-3 2 3
slotmove =app-doc/pms-99999999 0 live
move sci-chemistry/psipred sci-biology/psipred
move dev-util/gitg dev-vcs/gitg
move dev-util/mr dev-vcs/mr
move dev-util/giggle dev-vcs/giggle
move dev-util/qct dev-vcs/qct
move dev-util/kdesvn dev-vcs/kdesvn
move dev-util/qsvn dev-vcs/qsvn
move dev-util/hgview dev-vcs/hgview
move dev-util/archway dev-vcs/archway
move app-text/rcs dev-vcs/rcs
move dev-util/bzr dev-vcs/bzr
move dev-util/bzrtools dev-vcs/bzrtools
move dev-util/qbzr dev-vcs/qbzr
move dev-util/bzr-svn dev-vcs/bzr-svn
move dev-util/mcvs dev-vcs/mcvs
move dev-util/cssc dev-vcs/cssc
move dev-util/monotone dev-vcs/monotone
move www-client/urlgfe www-client/uget
move dev-util/statcvs dev-vcs/statcvs
move dev-util/statsvn dev-vcs/statsvn
move dev-util/cvsweb www-apps/cvsweb
move dev-util/colorcvs dev-vcs/colorcvs
move dev-util/mercurial dev-vcs/mercurial
move dev-util/hgsubversion dev-vcs/hgsubversion
move dev-util/hg-git dev-vcs/hg-git
move dev-util/guilt dev-vcs/guilt
