move sys-apps/memdump app-forensics/memdump
slotmove dev-dotnet/gtk-sharp 0 1
move sys-apps/irda-utils net-wireless/irda-utils
move app-i18n/imhangul_status_applet app-i18n/imhangul-status-applet
move dev-java/jump-bin dev-java/jump
move dev-java/qat-bin dev-java/qat
move sys-apps/epbb app-laptop/epbb
move sys-libs/commonc++2 sys-cpp/commoncpp2
move x11-libs/gtk-sharp dev-dotnet/gtk-sharp
move x11-themes/ksmoothdock kde-misc/ksmoothdock
move app-misc/kaptain kde-misc/kaptain
move app-misc/kbeam kde-misc/kbeam
move app-misc/kleds kde-misc/kleds
move app-misc/kkeyled kde-misc/kkeyled
move app-misc/kexchange kde-misc/kexchange
move app-misc/krecipes kde-misc/krecipes
move app-misc/kshutdown kde-misc/kshutdown
move app-misc/kdirstat kde-misc/kdirstat
move app-misc/ksensors kde-misc/ksensors
move app-misc/kgraphspace kde-misc/kgraphspace
move app-misc/krename kde-misc/krename
move app-misc/kdiff3 kde-misc/kdiff3
move app-misc/krusader kde-misc/krusader
move sys-apps/filelight kde-misc/filelight
move x11-misc/komics kde-misc/komics
move app-misc/kfish kde-misc/kfish
move app-misc/kalbum kde-misc/kalbum
move app-misc/kcpuload kde-misc/kcpuload
move app-i18n/uim-qtkde-helper app-i18n/uim-kdehelper
move dev-python/skunkweb www-servers/skunkweb
move sys-apps/nbench app-benchmarks/nbench
move app-misc/obexftp net-wireless/obexftp
move dev-util/jcvs-bin dev-util/jcvs
move dev-php/groupoffice www-apps/groupoffice
move dev-java/wsdl4j-bin dev-java/wsdl4j
move app-misc/omnibook app-laptop/omnibook
move dev-haskell/WASH dev-haskell/wash
slotmove =sys-devel/gcc-3.3* 3.2 3.3
move dev-libs/lsh net-misc/lsh
move sys-apps/cloop sys-fs/cloop
move app-misc/rox rox-base/rox
move app-misc/rox-session rox-base/rox-session
slotmove ~sys-devel/libtool-1.5.2 0 1.5
move x11-misc/kgamma kde-misc/kgamma
move app-misc/mwavem net-dialup/mwavem
move net-misc/linesrv net-dialup/linesrv
move net-misc/tftp-hpa net-ftp/tftp-hpa
move net-wireless/wpa-supplicant net-wireless/wpa_supplicant
move net-dialup/capi4k-firmware net-dialup/isdn-firmware
move rox-extra/systemtray rox-base/systemtray
move app-sci/qrna sci-biology/qrna
move app-sci/sim4 sci-biology/sim4
move app-sci/vienna-rna sci-biology/vienna-rna
move app-sci/treeviewx sci-biology/treeviewx
move app-sci/tree-puzzle sci-biology/tree-puzzle
move app-sci/readseq sci-biology/readseq
move app-sci/elph sci-biology/elph
move app-sci/foldingathome sci-biology/foldingathome
move app-sci/gibbs sci-biology/gibbs
move app-sci/hmmer sci-biology/hmmer
move app-sci/ncbi-tools sci-biology/ncbi-tools
move app-sci/clustalw sci-biology/clustalw
move app-sci/primer3 sci-biology/primer3
move app-sci/aaindex sci-biology/aaindex
move app-sci/cutg sci-biology/cutg
move app-sci/prints sci-biology/prints
move app-sci/prosite sci-biology/prosite
move app-sci/rebase sci-biology/rebase
move app-sci/transfac sci-biology/transfac
move app-sci/clustalx sci-biology/clustalx
move app-sci/njplot-unrooted sci-biology/njplot-unrooted
move app-sci/phylip sci-biology/phylip
move app-sci/rnaview sci-biology/rnaview
move app-sci/seaview sci-biology/seaview
move app-sci/staden sci-biology/staden
move app-sci/bioperl sci-biology/bioperl
move app-sci/bioperl-run sci-biology/bioperl-run
move app-sci/bioperl-pipeline sci-biology/bioperl-pipeline
move app-sci/biopython sci-biology/biopython
move app-sci/ecell sci-biology/ecell
move app-sci/generic-genome-browser sci-biology/generic-genome-browser
move app-sci/emboss sci-biology/emboss
move app-sci/embassy-domainatrix sci-biology/embassy-domainatrix
move app-sci/embassy-emnu sci-biology/embassy-emnu
move app-sci/embassy-esim4 sci-biology/embassy-esim4
move app-sci/embassy-hmmer sci-biology/embassy-hmmer
move app-sci/embassy-meme sci-biology/embassy-meme
move app-sci/embassy-mse sci-biology/embassy-mse
move app-sci/embassy-phylip sci-biology/embassy-phylip
move app-sci/embassy-topo sci-biology/embassy-topo
move app-sci/embassy sci-biology/embassy
move app-sci/emboss-kaptain sci-biology/emboss-kaptain
move app-sci/epix media-gfx/epix
move app-sci/kst media-gfx/kst
move app-sci/labplot media-gfx/labplot
move app-sci/qmatplot media-gfx/qmatplot
move app-sci/scigraphica media-gfx/scigraphica
move app-sci/spectromatic media-gfx/spectromatic
move app-sci/xd3d media-gfx/xd3d
move app-sci/celestia sci-astronomy/celestia
move app-sci/ksetispy sci-astronomy/ksetispy
move app-sci/ksetiwatch sci-astronomy/ksetiwatch
move app-sci/lin-seti sci-astronomy/lin-seti
move app-sci/maestro sci-astronomy/maestro
move app-sci/maestro-data sci-astronomy/maestro-data
move app-sci/orsa sci-astronomy/orsa
move app-sci/predict sci-astronomy/predict
move app-sci/setiathome sci-astronomy/setiathome
move x11-misc/tkseti sci-astronomy/tkseti
move app-sci/setimgr sci-astronomy/setimgr
move app-sci/stellarium sci-astronomy/stellarium
move app-sci/xephem sci-astronomy/xephem
move app-sci/calcoo sci-calculators/calcoo
move app-sci/equate sci-calculators/equate
move app-sci/fung-calc sci-calculators/fung-calc
move app-sci/galculator sci-calculators/galculator
move app-sci/hcalc sci-calculators/hcalc
move app-sci/hexcalc sci-calculators/hexcalc
move app-sci/kconvert sci-calculators/kconvert
move app-sci/kunit sci-calculators/kunit
move app-sci/pgcalc2 sci-calculators/pgcalc2
move app-sci/qalculate-gtk sci-calculators/qalculate-gtk
move app-sci/snac sci-calculators/snac
move app-sci/tilp sci-calculators/tilp
move app-sci/transcalc sci-calculators/transcalc
move app-sci/units sci-calculators/units
move app-sci/wcalc sci-calculators/wcalc
move app-sci/babel sci-chemistry/babel
move app-sci/chemtool sci-chemistry/chemtool
move app-sci/elem sci-chemistry/elem
move app-sci/ghemical sci-chemistry/ghemical
move app-sci/gperiodic sci-chemistry/gperiodic
move app-sci/gromacs sci-chemistry/gromacs
move app-sci/kemistry sci-chemistry/kemistry
move app-sci/molden sci-chemistry/molden
move app-sci/moldy sci-chemistry/moldy
move app-sci/mpqc sci-chemistry/mpqc
move app-sci/nmrview sci-chemistry/nmrview
move app-sci/openbabel sci-chemistry/openbabel
move app-sci/pymol sci-chemistry/pymol
move app-sci/rasmol sci-chemistry/rasmol
move app-sci/raster3d sci-chemistry/raster3d
move app-sci/xdrawchem sci-chemistry/xdrawchem
move app-misc/rpc sci-calculators/rpc
move sys-kernel/hppa-dev-sources sys-kernel/hppa-sources
move app-sci/balsa sci-electronics/balsa
move app-sci/chipmunksystem sci-electronics/chipmunksystem
move app-sci/electric sci-electronics/electric
move app-sci/espresso-ab sci-electronics/espresso-ab
move app-sci/freehdl sci-electronics/freehdl
move app-sci/geda sci-electronics/geda
move app-sci/gerbv sci-electronics/gerbv
move app-sci/gplcver sci-electronics/gplcver
move app-sci/gnucap sci-electronics/gnucap
move app-sci/gtkwave sci-electronics/gtkwave
move app-sci/gwave sci-electronics/gwave
move app-sci/klogic sci-electronics/klogic
move app-sci/iverilog sci-electronics/iverilog
move app-sci/lard sci-electronics/lard
move app-sci/magic sci-electronics/magic
move app-sci/modelsim sci-electronics/modelsim
move app-sci/ng-spice-rework sci-electronics/ng-spice-rework
move app-sci/oregano sci-electronics/oregano
move app-sci/pcb sci-electronics/pcb
move app-sci/petrify sci-electronics/petrify
move app-sci/spice sci-electronics/spice
move app-sci/systemc sci-electronics/systemc
move app-sci/tclspice sci-electronics/tclspice
move app-sci/vbs sci-electronics/vbs
move app-sci/vstgl sci-electronics/vstgl
move app-sci/xcircuit sci-electronics/xcircuit
move app-sci/chessbrain sci-misc/chessbrain
move app-sci/gt-itm sci-misc/gt-itm
move app-sci/lightspeed sci-misc/lightspeed
move app-sci/oww sci-misc/oww
move app-sci/xfoil sci-misc/xfoil
move app-sci/zetagrid sci-misc/zetagrid
move app-sci/gato sci-misc/gato
move app-sci/gri sci-misc/gri
move app-sci/h5utils sci-misc/h5utils
move app-sci/nco sci-misc/nco
move app-sci/ncview sci-misc/ncview
move app-sci/qcad sci-misc/qcad
move app-sci/qcad-parts sci-misc/qcad-parts
move app-sci/comedi sci-misc/comedi
move app-sci/calc sci-mathematics/calc
move app-sci/coq sci-mathematics/coq
move app-sci/drgeo sci-mathematics/drgeo
move app-sci/euler sci-mathematics/euler
move app-sci/geomview sci-mathematics/geomview
move app-sci/gimps sci-mathematics/gimps
move app-sci/ginac sci-mathematics/ginac
move app-sci/glpk sci-mathematics/glpk
move app-sci/gturing sci-mathematics/gturing
move app-sci/kalamaris sci-mathematics/kalamaris
move app-sci/koctave sci-mathematics/koctave
move app-sci/Macaulay2 sci-mathematics/Macaulay2
move app-sci/mathomatic sci-mathematics/mathomatic
move app-sci/maxima sci-mathematics/maxima
move app-sci/mupad sci-mathematics/mupad
move app-sci/num-utils sci-mathematics/num-utils
move app-sci/octave sci-mathematics/octave
move app-sci/octave-forge sci-mathematics/octave-forge
move app-sci/otter sci-mathematics/otter
move app-sci/pari sci-mathematics/pari
move app-sci/scilab sci-mathematics/scilab
move app-sci/singular sci-mathematics/singular
move app-sci/yacas sci-mathematics/yacas
move app-sci/ksimus sci-mathematics/ksimus
move app-sci/ksimus-boolean sci-mathematics/ksimus-boolean
move app-sci/ksimus-datarecorder sci-mathematics/ksimus-datarecorder
move app-sci/ksimus-floatingpoint sci-mathematics/ksimus-floatingpoint
move app-sci/snns sci-mathematics/snns
move app-sci/acml sci-libs/acml
move app-sci/beagle sci-libs/beagle
move app-sci/cdf sci-libs/cdf
move app-sci/netcdf sci-libs/netcdf
move app-sci/comedilib sci-libs/comedilib
move app-sci/libgdgeda sci-libs/libgdgeda
move app-sci/libgeda sci-libs/libgeda
move app-sci/libnova sci-libs/libnova
move app-sci/primegen sci-libs/primegen
move app-sci/udunits sci-libs/udunits
move dev-libs/buddy sci-libs/buddy
move dev-libs/cfitsio sci-libs/cfitsio
move dev-libs/cln sci-libs/cln
move dev-libs/djbfft sci-libs/djbfft
move dev-libs/galib sci-libs/galib
move dev-libs/gaul-devel sci-libs/gaul-devel
move dev-libs/gsl sci-libs/gsl
move dev-libs/hdf sci-libs/hdf
move dev-libs/hdf5 sci-libs/hdf5
move dev-libs/io_lib sci-libs/io_lib
move dev-libs/libctl sci-libs/libctl
move dev-libs/libtifiles sci-libs/libtifiles
move dev-libs/libticalcs sci-libs/libticalcs
move dev-libs/mkl sci-libs/mkl
move app-sci/pariguide sci-mathematics/pariguide
move app-sci/fann sci-mathematics/fann
move dev-libs/atlas sci-libs/atlas
move dev-libs/libgeotiff sci-libs/libgeotiff
move dev-libs/ogdi sci-libs/ogdi
move dev-libs/root sci-libs/root
move dev-libs/shapelib sci-libs/shapelib
move dev-libs/szip sci-libs/szip
move dev-libs/torch sci-libs/torch
move dev-libs/proj sci-libs/proj
move dev-libs/fftw sci-libs/fftw
move app-sci/gempak sci-geosciences/gempak
move app-sci/gmt sci-geosciences/gmt
move app-sci/vis5d+ sci-geosciences/vis5d+
move app-misc/grass sci-geosciences/grass
move dev-libs/libticables sci-libs/libticables
move app-sci/blas sci-libs/blas
move app-sci/lapack sci-libs/lapack
move app-sci/blas-config sci-libs/blas-config
